Month,TotalSales
2010-12,746723.6099999641
2011-01,558448.5600000155
2011-02,497026.41000002634
2011-03,682013.9800000135
2011-04,492367.84100002423
2011-05,722094.1000000141
2011-06,689977.2300000192
2011-07,680156.991000024
2011-08,703510.5800000189
2011-09,1017592.7820000201
2011-10,1069368.230000005
2011-11,1456145.799999814
2011-12,432701.0600000215
